model,num_param,memT,memR,memA,memM,energy,co2,train_time,infer_time,test_00,inf_time,tr_acc,test_01,test_02,test_03,test_04,test_05,test_06,test_07,test_08,test_09
dla46x_c,1068440,25.435111424,3.005218816,0.013367296,2.25071616,0.021847172063,1.354524667897,13.825661897659302,0,0.5079787234042553,1.047542357444763,0.9233054577464788,0.6349734042553191,0.5711436170212766,0.6037234042553191,0.6399601063829787,0.6469414893617021,0.5970744680851063,0.6502659574468085,0.6402925531914894,0.6090425531914894
dla46_c,1301400,25.435111424,2.533359616,0.017119232,1.865551872,0.019036466251,1.132669741948,11.866928339004517,0,0.6090425531914894,0.8929167032241822,0.9259463028169014,0.5877659574468085,0.6100398936170213,0.5904255319148937,0.648936170212766,0.5874335106382979,0.6366356382978723,0.5907579787234043,0.6446143617021277,0.6220079787234043
mobilevitv2_050,1370593,25.435111424,3.097493504,0.035255808,2.86905856,0.018340003461,1.091230205904,11.394144773483276,0,0.6259973404255319,0.9393524169921876,0.9781029929577464,0.6795212765957447,0.6628989361702128,0.645279255319149,0.6499335106382979,0.6502659574468085,0.6559175531914894,0.6545877659574468,0.6565824468085106,0.6532579787234043
lcnet_050,1880856,0.0,0.0,0.0,0.0,0.000235993972,0.014631626257,6.995487689971924,0,0.5867686170212766,0.4962677955627441,0.6350132042253521,,,,,,,,,
mobilenetv2_050,1968680,25.435111424,2.225078272,0.028583936,1.91940352,0.012287478415,0.718817487286,7.955138444900513,0,0.5844414893617021,0.70338294506073,0.9236355633802816,0.6193484042553191,0.640625,0.660904255319149,0.6555851063829787,0.6572473404255319,0.6585771276595744,0.6542553191489362,0.6542553191489362,0.6412898936170213
regnetx_002,2684792,0.0,0.0,0.0,0.0,0.0,0.0,0.0,0,0.0,,,,,,,,,,,
semnasnet_075,2912278,25.435111424,2.797600768,0.043697664,2.101021696,0.017971334176,1.051323049286,11.18772292137146,0,0.6389627659574468,0.8958467721939087,0.9728213028169014,0.6449468085106383,0.6416223404255319,0.6539228723404256,0.6545877659574468,0.636968085106383,0.645279255319149,0.6496010638297872,0.652593085106383,0.6549202127659575
regnety_002,3162996,0.0,0.0,0.0,0.0,0.0,0.0,0.0,0,0.0,,,,,,,,,,,
pvt_v2_b0,3666760,25.435111424,3.886022656,0.072546304,2.30749696,0.035764609667,2.074347360662,22.52319359779358,0,0.5232712765957447,1.698027205467224,0.5050616197183099,0.4773936170212766,0.4763962765957447,0.5219414893617021,0.5232712765957447,0.4900265957446808,0.5222739361702128,0.5226063829787234,0.5216090425531915,0.5222739361702128
convnext_atto,3695520,25.435111424,1.579155456,0.071399424,1.4860032,0.022406691352,1.299588098412,13.96027970314026,0,0.5226063829787234,0.8947623491287231,0.5019806338028169,0.5232712765957447,0.5232712765957447,0.5232712765957447,0.5222739361702128,0.4777260638297872,0.4770611702127659,0.4777260638297872,0.522938829787234,0.5226063829787234
mnasnet_100,4383312,25.435111424,2.350907392,0.067419136,2.024285184,0.018645351807,1.08143040478,11.69140362739563,0,0.6256648936170213,0.920887804031372,0.9618177816901408,0.6642287234042553,0.6446143617021277,0.6575797872340425,0.6625664893617021,0.6499335106382979,0.6619015957446809,0.6552526595744681,0.692154255319149,0.6732047872340425
spnasnet_100,4421616,25.435111424,2.531262464,0.068013056,2.220913152,0.020157601035,1.169140860031,12.434600830078123,0,0.6559175531914894,0.9940139532089234,0.950924295774648,0.6462765957446809,0.6389627659574468,0.6466090425531915,0.6775265957446809,0.6399601063829787,0.6545877659574468,0.6612367021276596,0.6559175531914894,0.6585771276595744
rexnet_100,4796873,0.0,0.0,0.0,0.0,0.0,0.0,0.0,0,0.0,,,,,,,,,,,
ghostnet_100,5182508,25.435111424,2.048917504,0.080482304,1.881488384,0.021119654618,1.22493996784,13.4140887260437,0,0.6884973404255319,1.041665530204773,0.9764524647887324,0.6412898936170213,0.6432845744680851,0.680186170212766,0.6569148936170213,0.6615691489361702,0.6761968085106383,0.6781914893617021,0.6725398936170213,0.6555851063829787
hardcorenas_a,5260232,25.435111424,2.350907392,0.0822272,2.089581056,0.018172236396,1.035817474546,11.27123999595642,0,0.5757978723404256,0.8563486814498902,0.9206646126760564,0.6389627659574468,0.635970744680851,0.6170212765957447,0.6060505319148937,0.6496010638297872,0.644281914893617,0.6502659574468085,0.628656914893617,0.6003989361702128
efficientnet_b0,5288548,25.435111424,4.542431232,0.082706944,3.868971008,0.026501889082,1.510607677694,16.48785161972046,0,0.6303191489361702,1.2612011671066283,0.9677596830985916,0.6382978723404256,0.6289893617021277,0.6529255319148937,0.5877659574468085,0.6532579787234043,0.6496010638297872,0.6748670212765957,0.6402925531914894,0.6502659574468085
resnet10t,5435488,0.0,0.0,0.0,0.0,0.0,0.0,0.0,0,0.0,,,,,,,,,,,
mobilenetv3_large_100,5483032,0.0,0.0,0.0,0.0,0.0,0.0,0.0,0,0.0,,,,,,,,,,,
fbnetc_100,5572200,25.435111424,3.080716288,0.075131392,2.359907328,0.022721382529,1.329200877939,14.213711500167848,0,0.605718085106383,1.1209739446640017,0.9673195422535212,0.6306515957446809,0.6216755319148937,0.6432845744680851,0.648936170212766,0.6366356382978723,0.663563829787234,0.6389627659574468,0.647938829787234,0.6579122340425532
mobilevit_s,5578632,25.435111424,6.738149376,0.098238464,6.249608192,0.046331146519,2.71037207137,28.93012571334839,0,0.698470744680851,2.5485156774520874,0.9680897887323944,0.682845744680851,0.6642287234042553,0.6569148936170213,0.6708776595744681,0.6761968085106383,0.6795212765957447,0.6988031914893617,0.6535904255319149,0.6875
tinynet_a,6187972,25.435111424,4.829741056,0.096314368,4.228481024,0.029404093161,1.808351729394,18.29713273048401,0,0.6625664893617021,1.4123174905776978,0.9706205985915493,0.6539228723404256,0.6512632978723404,0.6492686170212766,0.6638962765957447,0.6309840425531915,0.664561170212766,0.6575797872340425,0.6891622340425532,0.6549202127659575
ese_vovnet19b_dw,6543080,25.435111424,3.84827392,0.106617344,3.31211264,0.024935435541,1.558464721304,15.345051288604736,0,0.6539228723404256,1.347784733772278,0.9721610915492958,0.6924867021276596,0.6835106382978723,0.6343085106382979,0.6742021276595744,0.6688829787234043,0.6858377659574468,0.6632313829787234,0.6778590425531915,0.6675531914893617
mixnet_l,7329252,0.0,0.0,0.0,0.0,0.0,0.0,0.0,0,0.0,,,,,,,,,,,
densenet121,7978856,25.435111424,6.106906624,0.128994816,5.671460352,0.050597224641,3.18762515239,31.45135259628296,0,0.6579122340425532,2.7182688474655152,0.9663292253521126,0.6785239361702128,0.659906914893617,0.6688829787234043,0.6382978723404256,0.6665558510638298,0.683843085106383,0.6788563829787234,0.6845079787234043,0.6542553191489362
densenet121,7978856,25.435111424,6.106906624,0.128994816,5.671460352,0.050728497502,3.221259591376,31.43992280960083,0,0.6579122340425532,2.7156412839889525,0.9663292253521126,0.6785239361702128,0.659906914893617,0.6688829787234043,0.6382978723404256,0.6665558510638298,0.683843085106383,0.6788563829787234,0.6845079787234043,0.6542553191489362
densenetblur121d,7998088,25.435111424,6.855589888,0.129405952,6.414196736,0.055698291077,3.42544490126,34.74705195426941,0,0.6831781914893617,3.0061404705047607,0.9707306338028168,0.6652260638297872,0.6658909574468085,0.6705452127659575,0.6555851063829787,0.6738696808510638,0.6496010638297872,0.6632313829787234,0.6702127659574468,0.6761968085106383
crossvit_9_240,8553296,25.435111424,2.300575744,0.145709056,1.883847168,0.028168827284,1.647876396117,17.407649278640747,0,0.4780585106382978,1.703532075881958,0.4972491197183099,0.4750664893617021,0.5345744680851063,0.5226063829787234,0.4770611702127659,0.5226063829787234,0.5219414893617021,0.4763962765957447,0.4763962765957447,0.522938829787234
fbnetv3_b,8598464,25.435111424,4.074766336,0.124368384,3.753330688,0.029339314036,1.716349871088,18.402286767959595,0,0.5987367021276596,1.3819730758666993,0.9481734154929576,0.5771276595744681,0.6675531914893617,0.6496010638297872,0.6642287234042553,0.5924202127659575,0.6668882978723404,0.5894281914893617,0.6429521276595744,0.6436170212765957
levit_128,9213936,0.0,0.0,0.0,0.0,0.0,0.0,0.0,0,0.0,,,,,,,,,,,
resnet14t,10081632,25.435111424,2.497708032,0.146743808,2.107773952,0.022270474661,1.280552293032,13.678521394729614,0,0.664561170212766,1.2017921924591064,0.9828345070422536,0.644281914893617,0.6535904255319149,0.6123670212765957,0.6605718085106383,0.651595744680851,0.6622340425531915,0.663563829787234,0.6436170212765957,0.6708776595744681
seresnext26ts,10388064,25.435111424,4.848615424,0.150934016,3.995712512,0.039228951852,2.255664731516,24.01285552978516,0,0.6662234042553191,2.6598214387893675,0.9875660211267606,0.6835106382978723,0.6751994680851063,0.6279920212765957,0.6602393617021277,0.635970744680851,0.6698803191489362,0.660904255319149,0.6781914893617021,0.6742021276595744
gcresnext26ts,10476600,25.435111424,4.73956352,0.152392192,4.000300032,0.039560295119,2.254936821787,24.33653712272644,0,0.6549202127659575,2.677655005455017,0.982724471830986,0.6642287234042553,0.663563829787234,0.6638962765957447,0.667220744680851,0.6638962765957447,0.6875,0.6821808510638298,0.676529255319149,0.680186170212766
eca_botnext26ts_256,10593301,25.435111424,4.857004032,0.1559168,4.027185664,0.047519417535,2.708606799483,29.40299224853516,0,0.6845079787234043,2.807089686393738,0.964018485915493,0.6712101063829787,0.680186170212766,0.6585771276595744,0.6798537234042553,0.6858377659574468,0.6535904255319149,0.675531914893617,0.6638962765957447,0.6615691489361702
resnest14d,10611688,0.0,0.0,0.0,0.0,0.0,0.0,0.0,0,0.0,,,,,,,,,,,
bat_resnext26ts,10731200,25.435111424,5.328863232,0.15654144,4.504082432,0.046407239308,2.645212640582,28.54592490196228,0,0.6825132978723404,3.049284076690674,0.9893265845070424,0.6572473404255319,0.651595744680851,0.664561170212766,0.6742021276595744,0.6758643617021277,0.6363031914893617,0.6751994680851063,0.6638962765957447,0.6549202127659575
bat_resnext26ts,10731200,25.435111424,5.328863232,0.15654144,4.504082432,0.046410154107,2.622173707065,28.546427726745605,0,0.6825132978723404,3.0497658252716064,0.9893265845070424,0.6572473404255319,0.651595744680851,0.664561170212766,0.6742021276595744,0.6758643617021277,0.6363031914893617,0.6751994680851063,0.6638962765957447,0.6549202127659575
lambda_resnet26rpt_256,10988688,25.435111424,6.744440832,0.162713088,5.95629568,0.042933375984,2.404269055079,26.70759153366089,0,0.6835106382978723,2.542414212226868,0.9721610915492958,0.667220744680851,0.663563829787234,0.6685505319148937,0.6612367021276596,0.6642287234042553,0.6542553191489362,0.65625,0.6426196808510638,0.682845744680851
coat_lite_mini,11011560,0.0,0.0,0.0,0.0,0.0,0.0,0.0,0,0.0,,,,,,,,,,,
haloregnetz_b,11680072,0.0,0.0,0.0,0.0,0.0,0.0,0.0,0,0.0,,,,,,,,,,,
haloregnetz_b,11680072,0.0,0.0,0.0,0.0,0.0,0.0,0.0,0,0.0,,,,,,,,,,,
swsl_resnet18,11689512,0.0,0.0,0.0,0.0,0.0,0.0,0.0,0,0.0,,,,,,,,,,,
gluon_resnet18_v1b,11689512,0.0,0.0,0.0,0.0,0.0,0.0,0.0,0,0.0,,,,,,,,,,,
ssl_resnet18,11689512,0.0,0.0,0.0,0.0,0.0,0.0,0.0,0,0.0,,,,,,,,,,,
resnet18d,11708744,25.435111424,1.728053248,0.199392256,1.464306688,0.020417613515,1.122968743314,12.5149028301239,0,0.6589095744680851,1.0893670797348023,0.9790933098591548,0.6728723404255319,0.6502659574468085,0.6542553191489362,0.668218085106383,0.6565824468085106,0.6848404255319149,0.6715425531914894,0.6785239361702128,0.6688829787234043
skresnet18,11958056,0.0,0.0,0.0,0.0,0.0,0.0,0.0,0,0.0,,,,,,,,,,,
efficientformer_l1,12289928,0.0,0.0,0.0,0.0,0.0,0.0,0.0,0,0.0,,,,,,,,,,,
efficientformer_l1,12289928,0.0,0.0,0.0,0.0,0.0,0.0,0.0,0,0.0,,,,,,,,,,,
halonet26t,12480288,25.435111424,3.735027712,0.1859712,3.022461952,0.035342877696,1.92618683441,21.682714700698853,0,0.6363031914893617,1.9670581579208373,0.871919014084507,0.6409574468085106,0.6692154255319149,0.6658909574468085,0.6589095744680851,0.660904255319149,0.6595744680851063,0.6329787234042553,0.6805186170212766,0.671875
botnet26t_256,12488672,25.435111424,3.812622336,0.185577984,3.033696256,0.034075083786,1.874129608247,20.887946844100952,0,0.6399601063829787,1.927771759033203,0.9630281690140844,0.6795212765957447,0.6705452127659575,0.6542553191489362,0.6638962765957447,0.6446143617021277,0.6220079787234043,0.6705452127659575,0.6712101063829787,0.6675531914893617
dpn68,12611602,25.435111424,4.517265408,0.19267072,4.219797504,0.053680676404,2.952437202235,33.63793897628784,0,0.6941489361702128,2.6658254861831665,0.9455325704225352,0.6652260638297872,0.6848404255319149,0.6579122340425532,0.6619015957446809,0.6539228723404256,0.676529255319149,0.6575797872340425,0.6602393617021277,0.6492686170212766
dpn68b,12611602,25.435111424,4.678746112,0.191097856,4.250206208,0.053259709539,2.929284024634,32.87737560272217,0,0.6738696808510638,2.72986102104187,0.9855853873239436,0.6642287234042553,0.6642287234042553,0.6509308510638298,0.6722074468085106,0.6698803191489362,0.6815159574468085,0.663563829787234,0.65625,0.6871675531914894
gc_efficientnetv2_rw_t,13677713,25.435111424,6.125780992,0.220707328,5.538115072,0.046075831255,2.511132803408,28.754743576049805,0,0.683843085106383,2.26300060749054,0.976012323943662,0.6712101063829787,0.6914893617021277,0.6818484042553191,0.6648936170212766,0.6728723404255319,0.6535904255319149,0.6695478723404256,0.6708776595744681,0.6293218085106383
sehalonet33ts,13691712,25.435111424,5.460983808,0.218943488,4.778592768,0.047664465627,2.66921007512,29.2760808467865,0,0.6722074468085106,2.716888308525085,0.9219850352112676,0.65625,0.659906914893617,0.7014627659574468,0.6702127659574468,0.6732047872340425,0.671875,0.6715425531914894,0.6668882978723404,0.660904255319149
sebotnet33ts_256,13701984,25.435111424,6.79477248,0.221495296,5.29356032,0.050659839138,2.887610830851,31.330493450164795,0,0.4890292553191489,3.0106863737106324,0.5480853873239436,0.5910904255319149,0.5681515957446809,0.4763962765957447,0.5236037234042553,0.4943484042553192,0.527593085106383,0.520279255319149,0.4953457446808511,0.515625
densenet169,14149480,25.435111424,7.365197824,0.217864704,6.875163136,0.06192117826,3.6223889282,38.74888515472412,0,0.5634973404255319,3.3801599979400634,0.9579665492957746,0.6519281914893617,0.6698803191489362,0.6648936170212766,0.6918218085106383,0.6329787234042553,0.6678856382978723,0.6429521276595744,0.6761968085106383,0.6512632978723404
coatnext_nano_rw_224,14701244,0.0,0.0,0.0,0.0,0.0,0.0,0.0,0,0.0,,,,,,,,,,,
resmlp_12_224,15350872,0.0,0.0,0.0,0.0,0.0,0.0,0.0,0,0.0,,,,,,,,,,,
maxvit_nano_rw_256,15451148,25.435111424,9.462349824,0.258893824,8.417714176,0.079292331049,4.59895520084,49.2905809879303,0,0.6263297872340425,4.917033934593201,0.8644366197183099,0.569813829787234,0.6658909574468085,0.6712101063829787,0.6981382978723404,0.6841755319148937,0.65625,0.6505984042553191,0.6658909574468085,0.6539228723404256
gcresnext50ts,15667320,25.435111424,6.777995264,0.235606528,6.056351744,0.059648413531,3.698201638904,36.51953125,0,0.6781914893617021,4.068128108978272,0.9847051056338028,0.6778590425531915,0.6715425531914894,0.664561170212766,0.6628989361702128,0.6875,0.6695478723404256,0.6668882978723404,0.6695478723404256,0.6595744680851063
dla34,15742104,25.435111424,2.975858688,0.249137664,2.2739072,0.031562254516,2.035765416295,19.9572696685791,0,0.581781914893617,1.704338502883911,0.926386443661972,0.5927526595744681,0.5867686170212766,0.6602393617021277,0.651595744680851,0.6193484042553191,0.6063829787234043,0.635970744680851,0.6309840425531915,0.6216755319148937
ecaresnet26t,16011916,25.435111424,3.850371072,0.243798528,3.374299136,0.036456875348,2.424382210666,21.901753902435303,0,0.6592420212765957,1.9225982189178468,0.988556338028169,0.6446143617021277,0.6572473404255319,0.6665558510638298,0.6771941489361702,0.6472739361702128,0.667220744680851,0.6569148936170213,0.6778590425531915,0.659906914893617
ecaresnet26t,16011916,25.435111424,3.850371072,0.243798528,3.374299136,0.036422700465,2.4221095809,21.89424014091492,0,0.6592420212765957,1.92314932346344,0.988556338028169,0.6446143617021277,0.6572473404255319,0.6665558510638298,0.6771941489361702,0.6472739361702128,0.667220744680851,0.6569148936170213,0.6778590425531915,0.659906914893617
ecaresnet26t,16011916,25.435111424,3.850371072,0.243798528,3.374299136,0.03644127318,2.441565303065,21.941113233566284,0,0.6592420212765957,1.922566175460816,0.988556338028169,0.6446143617021277,0.6572473404255319,0.6665558510638298,0.6771941489361702,0.6472739361702128,0.667220744680851,0.6569148936170213,0.6778590425531915,0.659906914893617
resnet26d,16014408,25.435111424,3.36592896,0.2440832,2.937714176,0.03097130188,2.059591575018,19.46380853652954,0,0.6313164893617021,1.7543698072433471,0.9762323943661972,0.6642287234042553,0.6788563829787234,0.6486037234042553,0.6775265957446809,0.6795212765957447,0.6572473404255319,0.6688829787234043,0.6778590425531915,0.6818484042553191
maxxvit_rmlp_nano_rw_256,16779628,25.435111424,6.727663616,0.281260032,5.648976896,0.082392800466,5.39672843053,51.59941053390503,0,0.522938829787234,4.717483401298523,0.4917473591549295,0.4773936170212766,0.522938829787234,0.522938829787234,0.4993351063829787,0.5219414893617021,0.5226063829787234,0.5226063829787234,0.5236037234042553,0.5232712765957447
seresnext26t_32x4d,16806976,25.435111424,4.756340736,0.256270848,4.107323392,0.044481416665,2.913532791577,27.47082495689392,0,0.6778590425531915,2.318542003631592,0.9610475352112676,0.6861702127659575,0.668218085106383,0.6871675531914894,0.6628989361702128,0.651595744680851,0.6735372340425532,0.6708776595744681,0.6768617021276596,0.6798537234042553
seresnext26d_32x4d,16809512,25.435111424,4.789895168,0.25696512,4.140907008,0.044669215318,2.836495172703,27.60980010032653,0,0.6978058510638298,2.3295275926589967,0.9622579225352113,0.6941489361702128,0.6788563829787234,0.6582446808510638,0.6648936170212766,0.667220744680851,0.6688829787234043,0.6625664893617021,0.6891622340425532,0.668218085106383
resnest26d,17069448,0.0,0.0,0.0,0.0,0.0,0.0,0.0,0,0.0,,,,,,,,,,,
dla60x,17352344,25.435111424,6.828326912,0.26491136,5.562118656,0.063348814597,3.959300912306,39.45022225379944,0,0.5292553191489362,3.0384785890579225,0.938050176056338,0.6589095744680851,0.5571808510638298,0.601063829787234,0.6273271276595744,0.6555851063829787,0.6376329787234043,0.6402925531914894,0.6273271276595744,0.6472739361702128
resnet32ts,17963616,25.435111424,4.911529984,0.2855808,4.270149632,0.038641445731,2.473052526794,23.89206528663636,0,0.667220744680851,2.112640738487244,0.9731514084507042,0.6429521276595744,0.6642287234042553,0.6758643617021277,0.6692154255319149,0.6545877659574468,0.6579122340425532,0.6708776595744681,0.6559175531914894,0.65625
edgenext_base,18511292,25.435111424,4.800380928,0.31702528,4.318250496,0.064360434845,4.344329352045,40.852354764938354,0,0.5242686170212766,3.260714316368103,0.4993397887323944,0.4770611702127659,0.522938829787234,0.522938829787234,0.5226063829787234,0.5222739361702128,0.5219414893617021,0.5222739361702128,0.5212765957446809,0.4773936170212766
gmlp_s16_224,19422656,0.0,0.0,0.0,0.0,0.0,0.0,0.0,0,0.0,,,,,,,,,,,
eca_resnet33ts,19676302,25.435111424,5.089787904,0.320382976,4.492609024,0.040842576295,3.246984815456,25.35025715827942,0,0.6978058510638298,2.216590738296509,0.9424515845070424,0.6735372340425532,0.6615691489361702,0.6622340425531915,0.6648936170212766,0.6579122340425532,0.6552526595744681,0.6545877659574468,0.6642287234042553,0.6535904255319149
seresnet33ts,19779200,25.435111424,5.163188224,0.318097408,4.489670144,0.041193948935,3.542679608384,25.299971103668213,0,0.6891622340425532,2.224263453483581,0.986025528169014,0.6761968085106383,0.6771941489361702,0.6722074468085106,0.6668882978723404,0.6698803191489362,0.651595744680851,0.663563829787234,0.6722074468085106,0.6688829787234043
gcresnet33ts,19880698,25.435111424,5.1904512,0.319117312,4.490863104,0.041463227142,3.565837534197,25.644498586654663,0,0.6855053191489362,2.2480929136276244,0.9602772887323944,0.6705452127659575,0.6572473404255319,0.6542553191489362,0.6715425531914894,0.6615691489361702,0.6602393617021277,0.6572473404255319,0.6615691489361702,0.6542553191489362
densenet201,20013928,25.435111424,9.263120384,0.307933696,8.852406784,0.079173228878,6.808897683519,49.42289066314697,0,0.6901595744680851,4.353783988952637,0.952574823943662,0.6788563829787234,0.6502659574468085,0.6293218085106383,0.6499335106382979,0.6552526595744681,0.6675531914893617,0.6715425531914894,0.6675531914893617,0.675531914893617
cspresnext50,20569896,25.435111424,5.607784448,0.318290432,5.182861824,0.048259772311,4.198600191027,29.924602031707764,0,0.6991356382978723,2.6282392740249634,0.9803036971830986,0.7051196808510638,0.6805186170212766,0.6638962765957447,0.6808510638297872,0.6619015957446809,0.6795212765957447,0.6692154255319149,0.6579122340425532,0.6835106382978723
cspresnext50,20569896,25.435111424,5.607784448,0.318290432,5.182861824,0.048237868124,4.293170263038,29.92754602432251,0,0.6991356382978723,2.6283652067184446,0.9803036971830986,0.7051196808510638,0.6805186170212766,0.6638962765957447,0.6808510638297872,0.6619015957446809,0.6795212765957447,0.6692154255319149,0.6579122340425532,0.6835106382978723
regnetv_040,20640640,25.435111424,7.262437376,0.336417792,6.699993088,0.056588975768,5.036418843341,34.569058656692505,0,0.620345744680851,2.958834505081177,0.947513204225352,0.680186170212766,0.6811835106382979,0.680186170212766,0.6712101063829787,0.6642287234042553,0.6795212765957447,0.6685505319148937,0.6685505319148937,0.6652260638297872
convmixer_768_32,21110248,25.435111424,17.251172352,0.34400512,17.018504192,0.333975025949,32.284252508359,204.3562173843384,0,0.6612367021276596,18.779927039146425,0.9797535211267606,0.6771941489361702,0.6768617021276596,0.6559175531914894,0.6821808510638298,0.6748670212765957,0.6692154255319149,0.6715425531914894,0.6702127659574468,0.6712101063829787
convmixer_768_32,21110248,25.435111424,17.251172352,0.34400512,17.018504192,0.333233444431,35.489361831929,204.36357069015503,0,0.6612367021276596,18.773428893089296,0.9797535211267606,0.6771941489361702,0.6768617021276596,0.6559175531914894,0.6821808510638298,0.6748670212765957,0.6692154255319149,0.6715425531914894,0.6702127659574468,0.6712101063829787
cs3darknet_focus_l,21151720,25.435111424,3.835691008,0.342848,3.544518656,0.03438628177,3.679332149351,21.132452726364136,0,0.6725398936170213,1.8913845062255856,0.9653389084507042,0.6675531914893617,0.6722074468085106,0.6678856382978723,0.6815159574468085,0.6632313829787234,0.6602393617021277,0.647938829787234,0.6818484042553191,0.6509308510638298
hrnet_w18,21299004,25.435111424,6.48019968,0.32826624,5.675516928,0.089850616964,9.524165398224,56.26280331611633,0,0.6825132978723404,4.394507789611817,0.9488336267605634,0.6798537234042553,0.6565824468085106,0.683843085106383,0.6888297872340425,0.6638962765957447,0.6589095744680851,0.6535904255319149,0.6466090425531915,0.65625
cspresnet50,21616168,25.435111424,4.227858432,0.35186944,4.118751744,0.036341419852,3.797678374482,22.392454862594604,0,0.6725398936170213,2.089260125160217,0.9764524647887324,0.6815159574468085,0.6831781914893617,0.6748670212765957,0.6851728723404256,0.6658909574468085,0.6648936170212766,0.6665558510638298,0.6502659574468085,0.6582446808510638
cspresnet50,21616168,25.435111424,4.227858432,0.35186944,4.118751744,0.036281291173,3.773254282033,22.33424568176269,0,0.6725398936170213,2.088379716873169,0.9764524647887324,0.6815159574468085,0.6831781914893617,0.6748670212765957,0.6851728723404256,0.6658909574468085,0.6648936170212766,0.6665558510638298,0.6502659574468085,0.6582446808510638
gluon_resnet34_v1b,21797672,25.435111424,2.246049792,0.363771904,1.643186688,0.028412708267,2.954921659723,17.888283729553223,0,0.648936170212766,1.6233331918716432,0.9706205985915493,0.675531914893617,0.6944813829787234,0.676529255319149,0.6662234042553191,0.6795212765957447,0.6492686170212766,0.6678856382978723,0.6778590425531915,0.6585771276595744
resnet34d,21816904,25.435111424,2.308964352,0.362738688,1.99264768,0.031683587628,3.263409525681,20.18149709701538,0,0.6589095744680851,1.802089667320252,0.9882262323943662,0.6855053191489362,0.6771941489361702,0.6602393617021277,0.6505984042553191,0.6499335106382979,0.6725398936170213,0.6811835106382979,0.676529255319149,0.6868351063829787
cs3sedarknet_l,21913592,25.435111424,4.741660672,0.356184064,4.043121664,0.039600255616,4.118426584114,24.435990571975708,0,0.6808510638297872,2.14134681224823,0.9777728873239436,0.6968085106382979,0.6748670212765957,0.65625,0.65625,0.6549202127659575,0.6698803191489362,0.6638962765957447,0.6891622340425532,0.6805186170212766
dla60,22036632,25.435111424,5.37919488,0.340859392,4.40462592,0.048057902732,4.973992932711,29.693321704864506,0,0.5638297872340425,2.6454439640045164,0.6841989436619719,0.6063829787234043,0.6273271276595744,0.6100398936170213,0.6382978723404256,0.5611702127659575,0.671875,0.6070478723404256,0.6353058510638298,0.6552526595744681
skresnet34,22282376,0.0,0.0,0.0,0.0,0.0,0.0,0.0,0,0.0,,,,,,,,,,,
lamhalobotnet50ts_256,22569824,25.435111424,7.033847808,0.347400704,6.441659392,0.066416001248,6.973680131007,41.00229048728943,0,0.6825132978723404,3.379950618743897,0.9664392605633804,0.6904920212765957,0.6695478723404256,0.6732047872340425,0.6778590425531915,0.6855053191489362,0.6775265957446809,0.6815159574468085,0.6835106382978723,0.6728723404255319
halo2botnet50ts_256,22635360,25.435111424,7.079985152,0.351506944,6.554755072,0.068201442931,7.195252229194,42.13155436515808,0,0.668218085106383,4.075138211250305,0.9000880281690141,0.6775265957446809,0.6821808510638298,0.6855053191489362,0.6715425531914894,0.6725398936170213,0.6376329787234043,0.6545877659574468,0.663563829787234,0.5694813829787234
halonet50ts,22733280,25.435111424,7.262437376,0.354386432,6.514756608,0.061392873043,6.722519598198,37.713738441467285,0,0.6509308510638298,3.517297077178955,0.8067781690140845,0.6732047872340425,0.675531914893617,0.667220744680851,0.6619015957446809,0.6638962765957447,0.6579122340425532,0.6815159574468085,0.6778590425531915,0.6825132978723404
tnt_s_patch16_224,23755336,0.0,0.0,0.0,0.0,0.0,0.0,0.0,0,0.0,,,,,,,,,,,
adv_inception_v3,23834568,25.435111424,3.007315968,0.373316608,2.597266432,0.03590476632,3.967476678356,21.831679821014404,0,0.6988031914893617,1.7951863050460817,0.97150088028169,0.6210106382978723,0.6539228723404256,0.668218085106383,0.6735372340425532,0.6259973404255319,0.6805186170212766,0.65625,0.6652260638297872,0.6722074468085106
adv_inception_v3,23834568,25.435111424,3.007315968,0.373316608,2.597266432,0.036194379169,4.035673277333,21.8060462474823,0,0.6988031914893617,1.7989550590515138,0.97150088028169,0.6210106382978723,0.6539228723404256,0.668218085106383,0.6735372340425532,0.6259973404255319,0.6805186170212766,0.65625,0.6652260638297872,0.6722074468085106
gluon_inception_v3,23834568,25.435111424,3.007315968,0.373316608,2.597266432,0.035614195311,3.970982777147,21.772977113723755,0,0.703125,1.803905177116394,0.9635783450704224,0.65625,0.6705452127659575,0.6805186170212766,0.6878324468085106,0.6519281914893617,0.6695478723404256,0.6745345744680851,0.6708776595744681,0.668218085106383
res2next50,24671464,25.435111424,6.07125504,0.379567616,5.469948928,0.066248528293,7.38671090471,41.20318078994751,0,0.6678856382978723,3.369029855728149,0.964018485915493,0.6705452127659575,0.6379654255319149,0.6253324468085106,0.6781914893617021,0.6655585106382979,0.6542553191489362,0.6785239361702128,0.6875,0.65625
gmixer_24_224,24721096,0.0,0.0,0.0,0.0,0.0,0.0,0.0,0,0.0,,,,,,,,,,,
resnext50d_32x4d,25048136,25.435111424,6.125780992,0.390347264,5.416594944,0.062460156503,6.870617215293,38.5204803943634,0,0.667220744680851,3.3736093759536745,0.9662191901408452,0.6685505319148937,0.6595744680851063,0.6565824468085106,0.6612367021276596,0.6622340425531915,0.6662234042553191,0.6698803191489362,0.6738696808510638,0.6712101063829787
res2net50_14w_8s,25059816,25.435111424,6.21805568,0.39014144,5.29035776,0.059185370102,6.51039071125,36.23981404304504,0,0.6688829787234043,3.227635884284973,0.9533450704225352,0.6595744680851063,0.651595744680851,0.6505984042553191,0.6811835106382979,0.6675531914893617,0.6529255319148937,0.6416223404255319,0.6781914893617021,0.6472739361702128
resnetv2_50,25549352,25.435111424,4.198498304,0.38036224,3.583028736,0.042568515149,4.746389439138,26.253647565841675,0,0.6758643617021277,2.471507263183594,0.9773327464788732,0.6968085106382979,0.6768617021276596,0.6771941489361702,0.6652260638297872,0.6625664893617021,0.6871675531914894,0.6738696808510638,0.6668882978723404,0.6712101063829787
resnetblur50,25557032,25.435111424,5.4525952,0.394184192,4.718007808,0.052161997572,5.868224726882,32.2173433303833,0,0.6512632978723404,3.025168490409852,0.9566461267605634,0.570811170212766,0.6373005319148937,0.6652260638297872,0.6432845744680851,0.6668882978723404,0.6622340425531915,0.6642287234042553,0.6688829787234043,0.6356382978723404
resnetaa50,25557032,25.435111424,4.773117952,0.395197952,4.067626496,0.049675181717,5.563620352249,30.974815607070923,0,0.6818484042553191,2.880274939537048,0.9695202464788732,0.6346409574468085,0.6894946808510638,0.6652260638297872,0.6549202127659575,0.6811835106382979,0.6788563829787234,0.6855053191489362,0.6559175531914894,0.6818484042553191
ecaresnet50t,25573814,25.435111424,5.635047424,0.396911104,5.130597376,0.055840237015,6.226186427121,34.31837296485901,0,0.6855053191489362,3.056756687164307,0.9850352112676056,0.6373005319148937,0.644281914893617,0.6409574468085106,0.645279255319149,0.6771941489361702,0.6519281914893617,0.6542553191489362,0.6841755319148937,0.6535904255319149
ecaresnet50d,25576350,25.435111424,5.668601856,0.396950016,5.164180992,0.056079229442,6.168715238635,34.42307090759277,0,0.6339760638297872,3.065038633346558,0.958736795774648,0.6725398936170213,0.6482712765957447,0.6818484042553191,0.6642287234042553,0.6200132978723404,0.6668882978723404,0.6539228723404256,0.6505984042553191,0.6798537234042553
ecaresnet50d,25576350,25.435111424,5.668601856,0.396950016,5.164180992,0.055996312921,6.243588890691,34.4405882358551,0,0.6339760638297872,3.0649688720703123,0.958736795774648,0.6725398936170213,0.6482712765957447,0.6818484042553191,0.6642287234042553,0.6200132978723404,0.6668882978723404,0.6539228723404256,0.6505984042553191,0.6798537234042553
gcresnet50t,25897080,25.435111424,4.882169856,0.402821632,4.172265472,0.048322478396,5.460440058708,30.09591054916382,0,0.663563829787234,2.7495774030685425,0.9855853873239436,0.6931515957446809,0.6878324468085106,0.6652260638297872,0.6652260638297872,0.6625664893617021,0.6695478723404256,0.6655585106382979,0.6662234042553191,0.6688829787234043
dla102x,26309272,25.435111424,9.086959616,0.409042432,7.961441792,0.093194774408,9.971840861684,57.56631684303284,0,0.6303191489361702,4.729322814941407,0.9384903169014084,0.6708776595744681,0.6223404255319149,0.567154255319149,0.6652260638297872,0.6668882978723404,0.651595744680851,0.6512632978723404,0.651595744680851,0.6499335106382979
volo_d1_224,26632040,0.0,0.0,0.0,0.0,0.0,0.0,0.0,0,0.0,,,,,,,,,,,
xception41p,26907752,25.435111424,7.000293376,0.417610752,5.951378944,0.062432970805,7.023709215517,38.512823820114136,0,0.6539228723404256,3.314269113540649,0.954225352112676,0.6486037234042553,0.6545877659574468,0.6519281914893617,0.6798537234042553,0.6565824468085106,0.6648936170212766,0.636968085106383,0.6712101063829787,0.6555851063829787
xception41,26969560,25.435111424,8.969519104,0.419380736,7.85225216,0.070831617558,7.968556975331,43.56231641769409,0,0.6768617021276596,3.745464015007019,0.97931338028169,0.6549202127659575,0.6668882978723404,0.6678856382978723,0.6486037234042553,0.6648936170212766,0.6572473404255319,0.6522606382978723,0.6642287234042553,0.6904920212765957
coatnet_0_rw_224,27435562,0.0,0.0,0.0,0.0,0.0,0.0,0.0,0,0.0,,,,,,,,,,,
skresnext50_32x4d,27479784,0.0,0.0,0.0,0.0,0.0,0.0,0.0,0,0.0,,,,,,,,,,,
resnest50d,27483240,0.0,0.0,0.0,0.0,0.0,0.0,0.0,0,0.0,,,,,,,,,,,
gluon_seresnext50_32x4d,27559896,25.435111424,6.601834496,0.426520064,6.040997376,0.065261934943,7.407229616032,41.286341190338135,0,0.6638962765957447,3.5650238037109374,0.9504841549295776,0.6751994680851063,0.6432845744680851,0.6698803191489362,0.6665558510638298,0.692154255319149,0.6818484042553191,0.675531914893617,0.6712101063829787,0.6811835106382979
cspdarknet53,27642184,25.435111424,6.85768704,0.451259904,5.607082496,0.055221403039,6.240018543431,34.10449767112732,0,0.645279255319149,3.1039504766464234,0.9748019366197184,0.6625664893617021,0.6825132978723404,0.6665558510638298,0.675531914893617,0.6898271276595744,0.6715425531914894,0.6705452127659575,0.6761968085106383,0.6781914893617021
cspdarknet53,27642184,25.435111424,6.85768704,0.451259904,5.607082496,0.055141805765,6.175882245658,34.11775183677673,0,0.645279255319149,3.0986680507659914,0.9748019366197184,0.6625664893617021,0.6825132978723404,0.6665558510638298,0.675531914893617,0.6898271276595744,0.6715425531914894,0.6705452127659575,0.6761968085106383,0.6781914893617021
legacy_seresnet50,28088024,25.435111424,5.509218304,0.434925056,4.771505664,0.051335390707,5.826566845297,31.510932207107544,0,0.6732047872340425,2.827496647834778,0.973481514084507,0.6612367021276596,0.6565824468085106,0.6855053191489362,0.6545877659574468,0.6705452127659575,0.6595744680851063,0.6745345744680851,0.6592420212765957,0.667220744680851
repvgg_a2,28210600,25.435111424,2.399141888,0.452471296,2.062450688,0.045631666064,5.133562432255,28.13643217086792,0,0.680186170212766,2.560582327842712,0.9635783450704224,0.6778590425531915,0.6748670212765957,0.6722074468085106,0.6569148936170213,0.6559175531914894,0.6738696808510638,0.6668882978723404,0.659906914893617,0.6585771276595744
convnext_tiny_hnf,28589128,25.435111424,5.31628032,0.47002624,5.034674176,0.166221054027,14.959894862456,105.23247575759888,0,0.5232712765957447,3.057355690002441,0.5060519366197183,0.523936170212766,0.5226063829787234,0.5222739361702128,0.4767287234042553,0.4770611702127659,0.4770611702127659,0.5219414893617021,0.4767287234042553,0.5232712765957447
densenet161,28681000,25.435111424,11.588861952,0.449344,10.627181056,0.105867936239,7.622491409233,64.92922472953796,0,0.6665558510638298,5.986078143119812,0.9346390845070424,0.6821808510638298,0.6924867021276596,0.6894946808510638,0.6642287234042553,0.6692154255319149,0.6655585106382979,0.6632313829787234,0.6988031914893617,0.6761968085106383
ecaresnetlight,30162046,25.435111424,4.007657472,0.471033344,3.742012928,0.044995365207,3.23966629487,27.62829303741455,0,0.6642287234042553,2.460889625549316,0.9258362676056338,0.6665558510638298,0.664561170212766,0.660904255319149,0.6648936170212766,0.6472739361702128,0.6349734042553191,0.6502659574468085,0.6625664893617021,0.6509308510638298
ecaresnetlight,30162046,25.435111424,4.007657472,0.471033344,3.742012928,0.044933812098,3.235234471039,27.45692491531372,0,0.6642287234042553,2.457222652435303,0.9258362676056338,0.6665558510638298,0.664561170212766,0.660904255319149,0.6648936170212766,0.6472739361702128,0.6349734042553191,0.6502659574468085,0.6625664893617021,0.6509308510638298
selecsls60,30670768,25.435111424,3.137339392,0.493125632,2.825622528,0.033833804526,2.469867730382,21.081795692443848,0,0.6678856382978723,1.9373475074768067,0.9613776408450704,0.680186170212766,0.6592420212765957,0.6628989361702128,0.6678856382978723,0.6695478723404256,0.6409574468085106,0.6695478723404256,0.6652260638297872,0.6642287234042553
gernet_l,31078280,25.435111424,2.701131776,0.486372864,2.359686144,0.034394107324,2.579558049315,21.336925983428955,0,0.699468085106383,1.826384139060974,0.9735915492957746,0.679188829787234,0.6931515957446809,0.6715425531914894,0.6904920212765957,0.6811835106382979,0.6735372340425532,0.6692154255319149,0.6728723404255319,0.6692154255319149
selecsls42b,32458248,25.435111424,2.738880512,0.524235776,2.47131392,0.029929671494,2.214795690531,18.927453994750977,0,0.6871675531914894,1.7078595638275147,0.969850352112676,0.6758643617021277,0.652593085106383,0.6582446808510638,0.6572473404255319,0.6496010638297872,0.6665558510638298,0.6519281914893617,0.6678856382978723,0.6512632978723404
selecsls60b,32774064,25.435111424,3.133145088,0.530284544,2.86240512,0.034064079129,2.520741855557,21.23710942268372,0,0.6678856382978723,1.9401275634765625,0.9690801056338028,0.664561170212766,0.6712101063829787,0.6343085106382979,0.6745345744680851,0.6781914893617021,0.6738696808510638,0.6592420212765957,0.6698803191489362,0.6742021276595744
dla102,33268888,25.435111424,7.180648448,0.522272256,6.294038016,0.073398790827,5.211314148718,45.11257743835449,0,0.5408909574468085,4.178339338302612,0.9058098591549296,0.6037234042553191,0.629654255319149,0.6449468085106383,0.6655585106382979,0.6545877659574468,0.6579122340425532,0.628656914893617,0.6090425531914894,0.6389627659574468
resnetrs50,35691912,25.435111424,5.838471168,0.561133568,5.337667072,0.057539033221,3.88388474245,35.451735734939575,0,0.6519281914893617,3.135885310173035,0.9668794014084507,0.6559175531914894,0.6695478723404256,0.6519281914893617,0.6761968085106383,0.652593085106383,0.6496010638297872,0.6768617021276596,0.6466090425531915,0.6230053191489362
resnet51q,35696920,25.435111424,7.201619968,0.568139264,6.158062592,0.06327537975,3.986348924222,38.811187505722046,0,0.682845744680851,4.045645689964294,0.98943661971831,0.6522606382978723,0.6835106382978723,0.6808510638297872,0.6353058510638298,0.6622340425531915,0.6818484042553191,0.6884973404255319,0.6871675531914894,0.6712101063829787
darknetaa53,36022984,25.435111424,5.370806272,0.583105536,4.533753856,0.053664566062,3.005215699482,33.01738524436951,0,0.6668882978723404,2.926062226295471,0.9666593309859156,0.6751994680851063,0.6476063829787234,0.6416223404255319,0.6648936170212766,0.6605718085106383,0.6446143617021277,0.6569148936170213,0.6346409574468085,0.6665558510638298
resnet61q,36846968,25.435111424,7.595884544,0.587007488,6.5531648,0.064451452821,3.093669735397,39.56795120239258,0,0.6555851063829787,3.4321293115615843,0.9663292253521126,0.6795212765957447,0.6868351063829787,0.6908244680851063,0.6652260638297872,0.6642287234042553,0.6875,0.6582446808510638,0.6492686170212766,0.6841755319148937
dpn92,37668392,25.435111424,8.663334912,0.575504384,7.145978368,0.120794178341,6.704076897929,73.89716982841492,0,0.6532579787234043,6.498776388168335,0.93474911971831,0.6456117021276596,0.6898271276595744,0.6628989361702128,0.6788563829787234,0.6805186170212766,0.6861702127659575,0.6778590425531915,0.6775265957446809,0.6748670212765957
xception65p,39819560,25.435111424,9.061793792,0.623845376,7.823657472,0.086206685026,4.913781046457,53.17483472824097,0,0.6582446808510638,4.592684316635132,0.9774427816901408,0.6751994680851063,0.6585771276595744,0.6725398936170213,0.6914893617021277,0.6592420212765957,0.6722074468085106,0.652593085106383,0.6363031914893617,0.6688829787234043
gluon_xception65,39916312,25.435111424,11.3246208,0.627534848,10.09725184,0.096816478232,5.663763976576,59.41802906990051,0,0.636968085106383,5.102521538734436,0.9611575704225352,0.6549202127659575,0.664561170212766,0.6343085106382979,0.667220744680851,0.644281914893617,0.6549202127659575,0.652593085106383,0.6665558510638298,0.6399601063829787
gluon_xception65,39916312,25.435111424,11.3246208,0.627534848,10.09725184,0.096939033612,5.525524915894,59.46931171417236,0,0.636968085106383,5.103365588188171,0.9611575704225352,0.6549202127659575,0.664561170212766,0.6343085106382979,0.667220744680851,0.644281914893617,0.6549202127659575,0.652593085106383,0.6665558510638298,0.6399601063829787
visformer_small,40219592,0.0,0.0,0.0,0.0,0.0,0.0,0.0,0,0.0,,,,,,,,,,,
dla102x2,41282200,25.435111424,13.93557504,0.655232512,11.650971136,0.144118144512,8.502970526198,88.77280879020691,0,0.6000664893617021,7.04956738948822,0.8694982394366197,0.6003989361702128,0.617686170212766,0.5787898936170213,0.6466090425531915,0.6156914893617021,0.6240026595744681,0.6170212765957447,0.5644946808510638,0.6522606382978723
xception71,42338736,25.435111424,15.334375424,0.667012096,13.54886144,0.125553620036,6.654341861893,76.9959774017334,0,0.6811835106382979,6.694069123268127,0.973481514084507,0.676529255319149,0.679188829787234,0.679188829787234,0.6343085106382979,0.6462765957446809,0.6582446808510638,0.6692154255319149,0.6625664893617021,0.6722074468085106
twins_pcpvt_base,43828456,25.435111424,8.348762112,0.738930688,7.915367424,0.09803614941,5.637078591077,61.10332727432251,0,0.4773936170212766,6.369399905204773,0.5,0.4773936170212766,0.4773936170212766,0.4763962765957447,0.5236037234042553,0.522938829787234,0.5219414893617021,0.5232712765957447,0.5216090425531915,0.5226063829787234
gluon_resnext101_32x4d,44177704,25.435111424,8.130658304,0.693871616,7.59870976,0.09535240445,5.435087053639,58.44142007827759,0,0.682845744680851,5.254967093467712,0.964568661971831,0.6658909574468085,0.667220744680851,0.6549202127659575,0.6632313829787234,0.6748670212765957,0.6612367021276596,0.6648936170212766,0.6628989361702128,0.6559175531914894
ecaresnet101d,44568563,25.435111424,8.16840704,0.707647488,7.683957248,0.090536525253,5.341654989936,55.376813888549805,0,0.6559175531914894,4.998726511001587,0.9622579225352113,0.6678856382978723,0.6638962765957447,0.6722074468085106,0.671875,0.6589095744680851,0.6462765957446809,0.6668882978723404,0.6575797872340425,0.6552526595744681
ecaresnet101d,44568563,25.435111424,8.16840704,0.707647488,7.683957248,0.090423483377,5.651467711082,55.32175660133362,0,0.6559175531914894,4.991568303108215,0.9622579225352113,0.6678856382978723,0.6638962765957447,0.6722074468085106,0.671875,0.6589095744680851,0.6462765957446809,0.6668882978723404,0.6575797872340425,0.6552526595744681
ecaresnet101d,44568563,25.435111424,8.16840704,0.707647488,7.683957248,0.090515086317,5.65719289479,55.499691009521484,0,0.6559175531914894,4.994089889526367,0.9622579225352113,0.6678856382978723,0.6638962765957447,0.6722074468085106,0.671875,0.6589095744680851,0.6462765957446809,0.6668882978723404,0.6575797872340425,0.6552526595744681
res2net101_26w_4s,45206688,0.0,0.0,0.0,0.0,0.0,0.0,0.0,0,0.0,,,,,,,,,,,
cs3edgenet_x,47821120,0.0,0.0,0.0,0.0,0.0,0.0,0.0,0,0.0,,,,,,,,,,,
resnest101e,48275016,0.0,0.0,0.0,0.0,0.0,0.0,0.0,0,0.0,,,,,,,,,,,
gluon_seresnext101_32x4d,48955416,0.0,0.0,0.0,0.0,0.0,0.0,0.0,0,0.0,,,,,,,,,,,
cs3se_edgenet_x,50721584,0.0,0.0,0.0,0.0,0.0,0.0,0.0,0,0.0,,,,,,,,,,,
mvitv2_base,51472744,0.0,0.0,0.0,0.0,0.0,0.0,0.0,0,0.0,,,,,,,,,,,
efficientnetv2_rw_m,53236442,0.0,0.0,0.0,0.0,0.0,0.0,0.0,0,0.0,,,,,,,,,,,
dla169,53389720,0.0,0.0,0.0,0.0,0.0,0.0,0.0,0,0.0,,,,,,,,,,,
sequencer2d_l,54298216,0.0,0.0,0.0,0.0,0.0,0.0,0.0,0,0.0,,,,,,,,,,,
tresnet_l,55989256,0.0,0.0,0.0,0.0,0.0,0.0,0.0,0,0.0,,,,,,,,,,,
poolformer_m36,56172520,0.0,0.0,0.0,0.0,0.0,0.0,0.0,0,0.0,,,,,,,,,,,
gluon_resnet152_v1b,60192808,0.0,0.0,0.0,0.0,0.0,0.0,0.0,0,0.0,,,,,,,,,,,
resnet152d,60212040,0.0,0.0,0.0,0.0,0.0,0.0,0.0,0,0.0,,,,,,,,,,,
dpn98,61570728,0.0,0.0,0.0,0.0,0.0,0.0,0.0,0,0.0,,,,,,,,,,,
resnetrs101,63618696,0.0,0.0,0.0,0.0,0.0,0.0,0.0,0,0.0,,,,,,,,,,,
resnet200d,64693064,0.0,0.0,0.0,0.0,0.0,0.0,0.0,0,0.0,,,,,,,,,,,
seresnet152d,66841080,0.0,0.0,0.0,0.0,0.0,0.0,0.0,0,0.0,,,,,,,,,,,
jx_nest_base,67723368,0.0,0.0,0.0,0.0,0.0,0.0,0.0,0,0.0,,,,,,,,,,,
wide_resnet50_2,68883240,0.0,0.0,0.0,0.0,0.0,0.0,0.0,0,0.0,,,,,,,,,,,
resnest200e,70201544,0.0,0.0,0.0,0.0,0.0,0.0,0.0,0,0.0,,,,,,,,,,,
dm_nfnet_f0,71489284,0.0,0.0,0.0,0.0,0.0,0.0,0.0,0,0.0,,,,,,,,,,,
dm_nfnet_f0,71489284,0.0,0.0,0.0,0.0,0.0,0.0,0.0,0,0.0,,,,,,,,,,,
pit_b_224,73764840,0.0,0.0,0.0,0.0,0.0,0.0,0.0,0,0.0,,,,,,,,,,,
dpn131,79254504,0.0,0.0,0.0,0.0,0.0,0.0,0.0,0,0.0,,,,,,,,,,,
pnasnet5large,86057668,0.0,0.0,0.0,0.0,0.0,0.0,0.0,0,0.0,,,,,,,,,,,
beit_base_patch16_224,86530984,0.0,0.0,0.0,0.0,0.0,0.0,0.0,0,0.0,,,,,,,,,,,
beitv2_base_patch16_224,86530984,0.0,0.0,0.0,0.0,0.0,0.0,0.0,0,0.0,,,,,,,,,,,
beitv2_base_patch16_224,86530984,0.0,0.0,0.0,0.0,0.0,0.0,0.0,0,0.0,,,,,,,,,,,
convit_base,86540040,0.0,0.0,0.0,0.0,0.0,0.0,0.0,0,0.0,,,,,,,,,,,
convit_base,86540040,0.0,0.0,0.0,0.0,0.0,0.0,0.0,0,0.0,,,,,,,,,,,
deit3_base_patch16_224,86585320,0.0,0.0,0.0,0.0,0.0,0.0,0.0,0,0.0,,,,,,,,,,,
deit3_base_patch16_224,86585320,0.0,0.0,0.0,0.0,0.0,0.0,0.0,0,0.0,,,,,,,,,,,
resnetrs152,86621576,0.0,0.0,0.0,0.0,0.0,0.0,0.0,0,0.0,,,,,,,,,,,
dpn107,86917800,0.0,0.0,0.0,0.0,0.0,0.0,0.0,0,0.0,,,,,,,,,,,
swin_base_patch4_window7_224,87768224,0.0,0.0,0.0,0.0,0.0,0.0,0.0,0,0.0,,,,,,,,,,,
swinv2_base_window8_256,87918816,0.0,0.0,0.0,0.0,0.0,0.0,0.0,0,0.0,,,,,,,,,,,
nasnetalarge,88753150,0.0,0.0,0.0,0.0,0.0,0.0,0.0,0,0.0,,,,,,,,,,,
gcvit_base,90320836,0.0,0.0,0.0,0.0,0.0,0.0,0.0,0,0.0,,,,,,,,,,,
resnetrs200,93209992,0.0,0.0,0.0,0.0,0.0,0.0,0.0,0,0.0,,,,,,,,,,,
seresnext101d_32x8d,93588280,0.0,0.0,0.0,0.0,0.0,0.0,0.0,0,0.0,,,,,,,,,,,
seresnextaa101d_32x8d,93588280,0.0,0.0,0.0,0.0,0.0,0.0,0.0,0,0.0,,,,,,,,,,,
ecaresnet269d,102093077,0.0,0.0,0.0,0.0,0.0,0.0,0.0,0,0.0,,,,,,,,,,,
resnest269e,110929480,0.0,0.0,0.0,0.0,0.0,0.0,0.0,0,0.0,,,,,,,,,,,
legacy_senet154,115088984,0.0,0.0,0.0,0.0,0.0,0.0,0.0,0,0.0,,,,,,,,,,,
resnetrs270,129861448,0.0,0.0,0.0,0.0,0.0,0.0,0.0,0,0.0,,,,,,,,,,,
vgg11,132863336,0.0,0.0,0.0,0.0,0.0,0.0,0.0,0,0.0,,,,,,,,,,,
vgg13,133047848,0.0,0.0,0.0,0.0,0.0,0.0,0.0,0,0.0,,,,,,,,,,,
vgg16,138357544,0.0,0.0,0.0,0.0,0.0,0.0,0.0,0,0.0,,,,,,,,,,,
vgg19,143667240,0.0,0.0,0.0,0.0,0.0,0.0,0.0,0,0.0,,,,,,,,,,,
resnetrs350,163956168,0.0,0.0,0.0,0.0,0.0,0.0,0.0,0,0.0,,,,,,,,,,,
xcit_large_24_p8_224,188932648,0.0,0.0,0.0,0.0,0.0,0.0,0.0,0,0.0,,,,,,,,,,,
resnetrs420,191891656,0.0,0.0,0.0,0.0,0.0,0.0,0.0,0,0.0,,,,,,,,,,,
cait_m36_384,271221352,0.0,0.0,0.0,0.0,0.0,0.0,0.0,0,0.0,,,,,,,,,,,
